PRAGMA foreign_keys=OFF;
BEGIN TRANSACTION;
CREATE TABLE IF NOT EXISTS "__EFMigrationsLock" (
    "Id" INTEGER NOT NULL CONSTRAINT "PK___EFMigrationsLock" PRIMARY KEY,
    "Timestamp" TEXT NOT NULL
);
CREATE TABLE IF NOT EXISTS "__EFMigrationsHistory" (
    "MigrationId" TEXT NOT NULL CONSTRAINT "PK___EFMigrationsHistory" PRIMARY KEY,
    "ProductVersion" TEXT NOT NULL
);
INSERT INTO __EFMigrationsHistory VALUES('20250828195036_InitialCreate','9.0.8');
INSERT INTO __EFMigrationsHistory VALUES('20250902142304_AddBookingsTable','9.0.0');
INSERT INTO __EFMigrationsHistory VALUES('20250909095151_AddCalendarBookings','9.0.0');
INSERT INTO __EFMigrationsHistory VALUES('20250924142809_AddGhostBookingWidthFields','9.0.0');
INSERT INTO __EFMigrationsHistory VALUES('20250924150033_UpdateExistingAreaWidths','9.0.0');
INSERT INTO __EFMigrationsHistory VALUES('20250925071633_UpdateAllAreaWidths','9.0.0');
INSERT INTO __EFMigrationsHistory VALUES('20250925073918_FixAreaWidthsHierarchical','9.0.0');
CREATE TABLE IF NOT EXISTS "Groups" (
    "Id" TEXT NOT NULL CONSTRAINT "PK_Groups" PRIMARY KEY,
    "Name" TEXT NOT NULL,
    "ColorHex" TEXT NOT NULL
);
INSERT INTO "Groups" VALUES('274246B2-A966-4F5D-B961-98D1480A1F54','Dam A','#5F6B6D');
INSERT INTO "Groups" VALUES('340909EB-12B9-48C7-AE16-6D052BF84309','Herr A','#8C8C8C');
INSERT INTO "Groups" VALUES('3598E6DE-6D22-497E-B85A-9DBFAC78E5B0','P2012','#6E6E6E');
INSERT INTO "Groups" VALUES('4A209965-30D2-425A-909C-E488260618EF','F2010','#A3A3A3');
INSERT INTO "Groups" VALUES('6077886D-C213-439E-9197-B4A6973354DE','F2011','#9A9A9A');
INSERT INTO "Groups" VALUES('91A59DCC-79B7-4832-800D-71520F107746','Herr U','#B0B0B0');
INSERT INTO "Groups" VALUES('CEEAB321-F2AD-4FD4-AE8B-1348F96836FE','Dam B','#707D7E');
INSERT INTO "Groups" VALUES('E29566BD-628B-4534-8D07-62D498487259','F2012','#7D7D7D');
CREATE TABLE IF NOT EXISTS "Places" (
    "Id" TEXT NOT NULL CONSTRAINT "PK_Places" PRIMARY KEY,
    "Name" TEXT NOT NULL,
    "DefaultDurationMin" INTEGER NOT NULL,
    "SnapMin" INTEGER NOT NULL,
    "VisibleStartMin" INTEGER NOT NULL,
    "VisibleEndMin" INTEGER NOT NULL
);
INSERT INTO Places VALUES('82C45ABE-1181-4BC4-9B3C-D773F74E7B2B','Bollstanäs IP 1',90,15,420,1260);
INSERT INTO Places VALUES('A5A6C5D1-228F-4133-8CF5-02E0978DB056','Bollstanäs IP 2',90,15,420,1260);
INSERT INTO Places VALUES('1B371E74-4E76-4946-B3EB-00D36990FE7D','Test',90,15,420,1260);
CREATE TABLE IF NOT EXISTS "Areas" (
    "Id" TEXT NOT NULL CONSTRAINT "PK_Areas" PRIMARY KEY,
    "PlaceId" TEXT NOT NULL,
    "Name" TEXT NOT NULL,
    "ParentAreaId" TEXT NULL,
    "Path" TEXT NOT NULL, "Level1WidthPercent" INTEGER NOT NULL DEFAULT 0, "Level2WidthPercent" INTEGER NOT NULL DEFAULT 0, "Level3WidthPercent" INTEGER NOT NULL DEFAULT 0,
    CONSTRAINT "FK_Areas_Areas_ParentAreaId" FOREIGN KEY ("ParentAreaId") REFERENCES "Areas" ("Id") ON DELETE RESTRICT,
    CONSTRAINT "FK_Areas_Places_PlaceId" FOREIGN KEY ("PlaceId") REFERENCES "Places" ("Id") ON DELETE CASCADE
);
INSERT INTO Areas VALUES('92DB41A0-622F-478E-9DC6-1A05E44BAD3C','82C45ABE-1181-4BC4-9B3C-D773F74E7B2B','Helplan',NULL,'/Helplan',100,50,25);
INSERT INTO Areas VALUES('545256DC-F068-472A-8FF0-F731E70648AD','82C45ABE-1181-4BC4-9B3C-D773F74E7B2B','Halvplan B','92DB41A0-622F-478E-9DC6-1A05E44BAD3C','/Helplan/Halvplan B',100,100,50);
INSERT INTO Areas VALUES('7BB5362D-743B-48A7-B6EF-69253B727590','82C45ABE-1181-4BC4-9B3C-D773F74E7B2B','Halvplan A','92DB41A0-622F-478E-9DC6-1A05E44BAD3C','/Helplan/Halvplan A',100,100,50);
INSERT INTO Areas VALUES('3CF95081-D881-4B4E-B33B-FBD1A865E37A','82C45ABE-1181-4BC4-9B3C-D773F74E7B2B','Kvartsplan A2','7BB5362D-743B-48A7-B6EF-69253B727590','/Helplan/Halvplan A/A2',100,100,100);
INSERT INTO Areas VALUES('6286B0F2-597F-49CA-BDC5-1509792BDEE8','82C45ABE-1181-4BC4-9B3C-D773F74E7B2B','Kvartsplan B2','545256DC-F068-472A-8FF0-F731E70648AD','/Helplan/Halvplan B/B2',100,100,100);
INSERT INTO Areas VALUES('9ABE0FD2-7AFA-4FE3-B2E1-C93CD0A80513','82C45ABE-1181-4BC4-9B3C-D773F74E7B2B','Kvartsplan A1','7BB5362D-743B-48A7-B6EF-69253B727590','/Helplan/Halvplan A/A1',100,100,100);
INSERT INTO Areas VALUES('F8E6C709-CC25-42F3-AC22-70F47238B99A','82C45ABE-1181-4BC4-9B3C-D773F74E7B2B','Kvartsplan B1','545256DC-F068-472A-8FF0-F731E70648AD','/Helplan/Halvplan B/B1',100,100,100);
INSERT INTO Areas VALUES('6AE3A174-EC3A-46B3-A3CD-7F30FBB15FBA','A5A6C5D1-228F-4133-8CF5-02E0978DB056','Helplan',NULL,'/Helplan',100,50,25);
INSERT INTO Areas VALUES('1DDF9366-06AE-41DC-A3C8-B3C8DAD3E714','A5A6C5D1-228F-4133-8CF5-02E0978DB056','Halvplan B','6AE3A174-EC3A-46B3-A3CD-7F30FBB15FBA','/Helplan/Halvplan B',100,100,50);
INSERT INTO Areas VALUES('21CD5146-8355-459D-A57A-674EA7CAEB44','A5A6C5D1-228F-4133-8CF5-02E0978DB056','Halvplan A','6AE3A174-EC3A-46B3-A3CD-7F30FBB15FBA','/Helplan/Halvplan A',100,100,50);
INSERT INTO Areas VALUES('0A8D00BD-02E1-4AC9-B80A-A9FECFACD55C','A5A6C5D1-228F-4133-8CF5-02E0978DB056','Kvartsplan B2','1DDF9366-06AE-41DC-A3C8-B3C8DAD3E714','/Helplan/Halvplan B/Kvartsplan B2',100,100,100);
INSERT INTO Areas VALUES('1EF68E90-01B3-4E01-93C4-A4F7EF751976','A5A6C5D1-228F-4133-8CF5-02E0978DB056','Kvartsplan B1','1DDF9366-06AE-41DC-A3C8-B3C8DAD3E714','/Helplan/Halvplan B/Kvartsplan B1',100,100,100);
INSERT INTO Areas VALUES('B86B60AF-0B58-4F70-ABA9-05E292798B68','A5A6C5D1-228F-4133-8CF5-02E0978DB056','Kvartsplan A2','21CD5146-8355-459D-A57A-674EA7CAEB44','/Helplan/Halvplan A/Kvartsplan A2',100,100,100);
INSERT INTO Areas VALUES('C0FD079D-12D4-4440-A4D1-78A5F36EE3B1','A5A6C5D1-228F-4133-8CF5-02E0978DB056','Kvartsplan A1','21CD5146-8355-459D-A57A-674EA7CAEB44','/Helplan/Halvplan A/Kvartsplan A1',100,100,100);
INSERT INTO Areas VALUES('6772BC0B-7527-4554-99EE-11933B8B69C3','1B371E74-4E76-4946-B3EB-00D36990FE7D','Helplan',NULL,'/Helplan',100,50,25);
INSERT INTO Areas VALUES('D3499F48-CDF1-4FA5-82A2-F041721424F8','1B371E74-4E76-4946-B3EB-00D36990FE7D','Halvplan B','6772BC0B-7527-4554-99EE-11933B8B69C3','/Helplan/Halvplan B',100,100,50);
INSERT INTO Areas VALUES('DE51835D-6D25-4412-B4B5-29AF960E2441','1B371E74-4E76-4946-B3EB-00D36990FE7D','Halvplan A','6772BC0B-7527-4554-99EE-11933B8B69C3','/Helplan/Halvplan A',100,100,50);
INSERT INTO Areas VALUES('1BDD5BEA-CA91-4D1E-ACD9-42C04395A6C0','1B371E74-4E76-4946-B3EB-00D36990FE7D','A1','DE51835D-6D25-4412-B4B5-29AF960E2441','/Helplan/Halvplan A/A1',100,100,100);
INSERT INTO Areas VALUES('26A09C27-1898-4D0C-973B-A8F627B8EAB7','1B371E74-4E76-4946-B3EB-00D36990FE7D','A2','DE51835D-6D25-4412-B4B5-29AF960E2441','/Helplan/Halvplan A/A2',100,100,100);
INSERT INTO Areas VALUES('6CD7700F-5ED2-4868-B150-3D7A04C8292D','1B371E74-4E76-4946-B3EB-00D36990FE7D','B1','D3499F48-CDF1-4FA5-82A2-F041721424F8','/Helplan/Halvplan B/B1',100,100,100);
INSERT INTO Areas VALUES('B577185F-0B2C-4000-9740-4C771DD34FE2','1B371E74-4E76-4946-B3EB-00D36990FE7D','B2','D3499F48-CDF1-4FA5-82A2-F041721424F8','/Helplan/Halvplan B/B2',100,100,100);
CREATE TABLE IF NOT EXISTS "Leafs" (
    "Id" TEXT NOT NULL CONSTRAINT "PK_Leafs" PRIMARY KEY,
    "PlaceId" TEXT NOT NULL,
    "Name" TEXT NOT NULL,
    "SortOrder" INTEGER NOT NULL,
    CONSTRAINT "FK_Leafs_Places_PlaceId" FOREIGN KEY ("PlaceId") REFERENCES "Places" ("Id") ON DELETE CASCADE
);
INSERT INTO Leafs VALUES('2331BD30-53AC-4422-A147-5A00C35DB295','82C45ABE-1181-4BC4-9B3C-D773F74E7B2B','A2',2);
INSERT INTO Leafs VALUES('62B300DE-0202-462A-B462-AC281D3CE8FF','82C45ABE-1181-4BC4-9B3C-D773F74E7B2B','A1',1);
INSERT INTO Leafs VALUES('7402A614-3D3B-4975-B884-28F2D14713EE','82C45ABE-1181-4BC4-9B3C-D773F74E7B2B','B2',4);
INSERT INTO Leafs VALUES('781C1C40-2667-4A83-B214-166068E1EA22','82C45ABE-1181-4BC4-9B3C-D773F74E7B2B','B1',3);
INSERT INTO Leafs VALUES('2845F01E-05F5-4F9A-8F9B-6262CDFC7766','A5A6C5D1-228F-4133-8CF5-02E0978DB056','B2',4);
INSERT INTO Leafs VALUES('310FD3C1-578C-4B28-98F5-8D7E7984371F','A5A6C5D1-228F-4133-8CF5-02E0978DB056','B1',3);
INSERT INTO Leafs VALUES('65CF05DB-60A0-448D-8F3C-04048C92CE1B','A5A6C5D1-228F-4133-8CF5-02E0978DB056','A2',2);
INSERT INTO Leafs VALUES('C4AAA4F6-B5C8-434E-A4B2-924B1EDF411B','A5A6C5D1-228F-4133-8CF5-02E0978DB056','A1',1);
INSERT INTO Leafs VALUES('10430E2A-9674-43B7-AEC4-9328C541DE4C','1B371E74-4E76-4946-B3EB-00D36990FE7D','B1',3);
INSERT INTO Leafs VALUES('26163316-96C4-41BF-9A86-C98E68D29372','1B371E74-4E76-4946-B3EB-00D36990FE7D','A2',2);
INSERT INTO Leafs VALUES('6B082904-2BC9-44C8-A6C2-2383A704A79E','1B371E74-4E76-4946-B3EB-00D36990FE7D','A1',1);
INSERT INTO Leafs VALUES('9127FDC9-C1C1-4262-AAF8-E60961408B14','1B371E74-4E76-4946-B3EB-00D36990FE7D','B2',4);
CREATE TABLE IF NOT EXISTS "ScheduleTemplates" (
    "Id" TEXT NOT NULL CONSTRAINT "PK_ScheduleTemplates" PRIMARY KEY,
    "Name" TEXT NOT NULL,
    "PlaceId" TEXT NOT NULL,
    CONSTRAINT "FK_ScheduleTemplates_Places_PlaceId" FOREIGN KEY ("PlaceId") REFERENCES "Places" ("Id") ON DELETE CASCADE
);
INSERT INTO ScheduleTemplates VALUES('25EB47F8-AC32-4656-B253-355F6806B4EB','Veckoschema HT2025','82C45ABE-1181-4BC4-9B3C-D773F74E7B2B');
INSERT INTO ScheduleTemplates VALUES('9F7AE933-9DEC-4993-8D48-4E61A1BD8E6A','Vinter 2026','82C45ABE-1181-4BC4-9B3C-D773F74E7B2B');
CREATE TABLE IF NOT EXISTS "AreaLeafs" (
    "AreaId" TEXT NOT NULL,
    "LeafId" TEXT NOT NULL,
    CONSTRAINT "PK_AreaLeafs" PRIMARY KEY ("AreaId", "LeafId"),
    CONSTRAINT "FK_AreaLeafs_Areas_AreaId" FOREIGN KEY ("AreaId") REFERENCES "Areas" ("Id") ON DELETE CASCADE,
    CONSTRAINT "FK_AreaLeafs_Leafs_LeafId" FOREIGN KEY ("LeafId") REFERENCES "Leafs" ("Id") ON DELETE CASCADE
);
INSERT INTO AreaLeafs VALUES('92DB41A0-622F-478E-9DC6-1A05E44BAD3C','2331BD30-53AC-4422-A147-5A00C35DB295');
INSERT INTO AreaLeafs VALUES('92DB41A0-622F-478E-9DC6-1A05E44BAD3C','62B300DE-0202-462A-B462-AC281D3CE8FF');
INSERT INTO AreaLeafs VALUES('92DB41A0-622F-478E-9DC6-1A05E44BAD3C','7402A614-3D3B-4975-B884-28F2D14713EE');
INSERT INTO AreaLeafs VALUES('92DB41A0-622F-478E-9DC6-1A05E44BAD3C','781C1C40-2667-4A83-B214-166068E1EA22');
INSERT INTO AreaLeafs VALUES('545256DC-F068-472A-8FF0-F731E70648AD','7402A614-3D3B-4975-B884-28F2D14713EE');
INSERT INTO AreaLeafs VALUES('545256DC-F068-472A-8FF0-F731E70648AD','781C1C40-2667-4A83-B214-166068E1EA22');
INSERT INTO AreaLeafs VALUES('7BB5362D-743B-48A7-B6EF-69253B727590','2331BD30-53AC-4422-A147-5A00C35DB295');
INSERT INTO AreaLeafs VALUES('7BB5362D-743B-48A7-B6EF-69253B727590','62B300DE-0202-462A-B462-AC281D3CE8FF');
INSERT INTO AreaLeafs VALUES('3CF95081-D881-4B4E-B33B-FBD1A865E37A','2331BD30-53AC-4422-A147-5A00C35DB295');
INSERT INTO AreaLeafs VALUES('6286B0F2-597F-49CA-BDC5-1509792BDEE8','7402A614-3D3B-4975-B884-28F2D14713EE');
INSERT INTO AreaLeafs VALUES('9ABE0FD2-7AFA-4FE3-B2E1-C93CD0A80513','62B300DE-0202-462A-B462-AC281D3CE8FF');
INSERT INTO AreaLeafs VALUES('F8E6C709-CC25-42F3-AC22-70F47238B99A','781C1C40-2667-4A83-B214-166068E1EA22');
INSERT INTO AreaLeafs VALUES('6AE3A174-EC3A-46B3-A3CD-7F30FBB15FBA','2845F01E-05F5-4F9A-8F9B-6262CDFC7766');
INSERT INTO AreaLeafs VALUES('6AE3A174-EC3A-46B3-A3CD-7F30FBB15FBA','310FD3C1-578C-4B28-98F5-8D7E7984371F');
INSERT INTO AreaLeafs VALUES('6AE3A174-EC3A-46B3-A3CD-7F30FBB15FBA','65CF05DB-60A0-448D-8F3C-04048C92CE1B');
INSERT INTO AreaLeafs VALUES('6AE3A174-EC3A-46B3-A3CD-7F30FBB15FBA','C4AAA4F6-B5C8-434E-A4B2-924B1EDF411B');
INSERT INTO AreaLeafs VALUES('1DDF9366-06AE-41DC-A3C8-B3C8DAD3E714','2845F01E-05F5-4F9A-8F9B-6262CDFC7766');
INSERT INTO AreaLeafs VALUES('1DDF9366-06AE-41DC-A3C8-B3C8DAD3E714','310FD3C1-578C-4B28-98F5-8D7E7984371F');
INSERT INTO AreaLeafs VALUES('21CD5146-8355-459D-A57A-674EA7CAEB44','65CF05DB-60A0-448D-8F3C-04048C92CE1B');
INSERT INTO AreaLeafs VALUES('21CD5146-8355-459D-A57A-674EA7CAEB44','C4AAA4F6-B5C8-434E-A4B2-924B1EDF411B');
INSERT INTO AreaLeafs VALUES('0A8D00BD-02E1-4AC9-B80A-A9FECFACD55C','2845F01E-05F5-4F9A-8F9B-6262CDFC7766');
INSERT INTO AreaLeafs VALUES('1EF68E90-01B3-4E01-93C4-A4F7EF751976','310FD3C1-578C-4B28-98F5-8D7E7984371F');
INSERT INTO AreaLeafs VALUES('B86B60AF-0B58-4F70-ABA9-05E292798B68','65CF05DB-60A0-448D-8F3C-04048C92CE1B');
INSERT INTO AreaLeafs VALUES('C0FD079D-12D4-4440-A4D1-78A5F36EE3B1','C4AAA4F6-B5C8-434E-A4B2-924B1EDF411B');
INSERT INTO AreaLeafs VALUES('6772BC0B-7527-4554-99EE-11933B8B69C3','10430E2A-9674-43B7-AEC4-9328C541DE4C');
INSERT INTO AreaLeafs VALUES('6772BC0B-7527-4554-99EE-11933B8B69C3','26163316-96C4-41BF-9A86-C98E68D29372');
INSERT INTO AreaLeafs VALUES('6772BC0B-7527-4554-99EE-11933B8B69C3','6B082904-2BC9-44C8-A6C2-2383A704A79E');
INSERT INTO AreaLeafs VALUES('6772BC0B-7527-4554-99EE-11933B8B69C3','9127FDC9-C1C1-4262-AAF8-E60961408B14');
INSERT INTO AreaLeafs VALUES('D3499F48-CDF1-4FA5-82A2-F041721424F8','10430E2A-9674-43B7-AEC4-9328C541DE4C');
INSERT INTO AreaLeafs VALUES('D3499F48-CDF1-4FA5-82A2-F041721424F8','9127FDC9-C1C1-4262-AAF8-E60961408B14');
INSERT INTO AreaLeafs VALUES('DE51835D-6D25-4412-B4B5-29AF960E2441','26163316-96C4-41BF-9A86-C98E68D29372');
INSERT INTO AreaLeafs VALUES('DE51835D-6D25-4412-B4B5-29AF960E2441','6B082904-2BC9-44C8-A6C2-2383A704A79E');
INSERT INTO AreaLeafs VALUES('1BDD5BEA-CA91-4D1E-ACD9-42C04395A6C0','6B082904-2BC9-44C8-A6C2-2383A704A79E');
INSERT INTO AreaLeafs VALUES('26A09C27-1898-4D0C-973B-A8F627B8EAB7','26163316-96C4-41BF-9A86-C98E68D29372');
INSERT INTO AreaLeafs VALUES('6CD7700F-5ED2-4868-B150-3D7A04C8292D','10430E2A-9674-43B7-AEC4-9328C541DE4C');
INSERT INTO AreaLeafs VALUES('B577185F-0B2C-4000-9740-4C771DD34FE2','9127FDC9-C1C1-4262-AAF8-E60961408B14');
CREATE TABLE IF NOT EXISTS "BookingTemplates" (
    "Id" TEXT NOT NULL CONSTRAINT "PK_BookingTemplates" PRIMARY KEY,
    "ScheduleTemplateId" TEXT NOT NULL,
    "AreaId" TEXT NOT NULL,
    "GroupId" TEXT NOT NULL,
    "DayOfWeek" INTEGER NOT NULL,
    "StartMin" INTEGER NOT NULL,
    "EndMin" INTEGER NOT NULL,
    "Notes" TEXT NULL,
    CONSTRAINT "FK_BookingTemplates_Areas_AreaId" FOREIGN KEY ("AreaId") REFERENCES "Areas" ("Id") ON DELETE CASCADE,
    CONSTRAINT "FK_BookingTemplates_Groups_GroupId" FOREIGN KEY ("GroupId") REFERENCES "Groups" ("Id") ON DELETE CASCADE,
    CONSTRAINT "FK_BookingTemplates_ScheduleTemplates_ScheduleTemplateId" FOREIGN KEY ("ScheduleTemplateId") REFERENCES "ScheduleTemplates" ("Id") ON DELETE CASCADE
);
INSERT INTO BookingTemplates VALUES('329F9113-2580-47F5-8033-FAD686C58085','25EB47F8-AC32-4656-B253-355F6806B4EB','7BB5362D-743B-48A7-B6EF-69253B727590','6077886D-C213-439E-9197-B4A6973354DE',1,1080,1170,'Träning');
INSERT INTO BookingTemplates VALUES('DDA7D55F-AE4D-4CD0-9236-99ABAF69AE8E','25EB47F8-AC32-4656-B253-355F6806B4EB','7BB5362D-743B-48A7-B6EF-69253B727590','6077886D-C213-439E-9197-B4A6973354DE',3,1080,1170,'Träning');
INSERT INTO BookingTemplates VALUES('9FB4652F-909A-49BE-B18B-BAD212A2775B','25EB47F8-AC32-4656-B253-355F6806B4EB','F8E6C709-CC25-42F3-AC22-70F47238B99A','CEEAB321-F2AD-4FD4-AE8B-1348F96836FE',3,1320,1380,'Träning');
INSERT INTO BookingTemplates VALUES('DDBB6ADC-0C2B-49BA-BBC1-304CBA41D53A','25EB47F8-AC32-4656-B253-355F6806B4EB','92DB41A0-622F-478E-9DC6-1A05E44BAD3C','CEEAB321-F2AD-4FD4-AE8B-1348F96836FE',3,840,930,'Bokning skapad 2025-09-02 12:49');
INSERT INTO BookingTemplates VALUES('FFF6CB92-0684-4FC8-937E-376AD80FC83C','25EB47F8-AC32-4656-B253-355F6806B4EB','92DB41A0-622F-478E-9DC6-1A05E44BAD3C','4A209965-30D2-425A-909C-E488260618EF',2,840,930,'Bokning skapad 2025-09-02 14:09');
INSERT INTO BookingTemplates VALUES('6DCD60F7-2714-4023-9DE7-0239EF0F714A','25EB47F8-AC32-4656-B253-355F6806B4EB','92DB41A0-622F-478E-9DC6-1A05E44BAD3C','E29566BD-628B-4534-8D07-62D498487259',2,960,1080,'Bokning skapad 2025-09-02 14:15');
INSERT INTO BookingTemplates VALUES('E85D07AA-C7C7-4B9E-97F9-D51B34DC59A7','25EB47F8-AC32-4656-B253-355F6806B4EB','92DB41A0-622F-478E-9DC6-1A05E44BAD3C','CEEAB321-F2AD-4FD4-AE8B-1348F96836FE',8,900,930,'Bokning skapad 2025-09-02 16:00');
INSERT INTO BookingTemplates VALUES('5EDB3797-ADBF-4627-9D2C-5391FED5AB88','25EB47F8-AC32-4656-B253-355F6806B4EB','7BB5362D-743B-48A7-B6EF-69253B727590','274246B2-A966-4F5D-B961-98D1480A1F54',8,480,540,'Mall skapad 2025-09-04 08:38');
INSERT INTO BookingTemplates VALUES('1F945808-7936-45A8-8758-97CDA38FB463','25EB47F8-AC32-4656-B253-355F6806B4EB','9ABE0FD2-7AFA-4FE3-B2E1-C93CD0A80513','274246B2-A966-4F5D-B961-98D1480A1F54',7,480,540,'Mall skapad 2025-09-04 12:09');
INSERT INTO BookingTemplates VALUES('0D475BE9-69A1-4BCB-BD36-6461F0ED4C70','25EB47F8-AC32-4656-B253-355F6806B4EB','3CF95081-D881-4B4E-B33B-FBD1A865E37A','340909EB-12B9-48C7-AE16-6D052BF84309',7,600,720,'Mall skapad 2025-09-04 15:56');
INSERT INTO BookingTemplates VALUES('1C000431-8C06-48CC-8113-B5EAE662086D','25EB47F8-AC32-4656-B253-355F6806B4EB','92DB41A0-622F-478E-9DC6-1A05E44BAD3C','340909EB-12B9-48C7-AE16-6D052BF84309',3,600,720,'Mall skapad 2025-09-04 18:38');
INSERT INTO BookingTemplates VALUES('4C3DF17E-1001-4EB5-802C-7B3397AB82E9','25EB47F8-AC32-4656-B253-355F6806B4EB','92DB41A0-622F-478E-9DC6-1A05E44BAD3C','340909EB-12B9-48C7-AE16-6D052BF84309',5,600,720,'Mall skapad 2025-09-04 18:38');
INSERT INTO BookingTemplates VALUES('E48810CB-7924-4C77-BD78-1302CA0DBAE4','25EB47F8-AC32-4656-B253-355F6806B4EB','92DB41A0-622F-478E-9DC6-1A05E44BAD3C','340909EB-12B9-48C7-AE16-6D052BF84309',1,600,720,'Mall skapad 2025-09-04 18:38');
INSERT INTO BookingTemplates VALUES('E1AC668D-739C-4464-92C2-475EDCD0B35B','25EB47F8-AC32-4656-B253-355F6806B4EB','3CF95081-D881-4B4E-B33B-FBD1A865E37A','CEEAB321-F2AD-4FD4-AE8B-1348F96836FE',2,480,540,'Mall skapad 2025-09-04 22:22');
INSERT INTO BookingTemplates VALUES('A80B860F-492C-4CC0-AE56-7918DED4754D','25EB47F8-AC32-4656-B253-355F6806B4EB','3CF95081-D881-4B4E-B33B-FBD1A865E37A','CEEAB321-F2AD-4FD4-AE8B-1348F96836FE',4,480,600,'Mall skapad 2025-09-04 22:23');
INSERT INTO BookingTemplates VALUES('073EA4E7-3CB1-44A6-8545-E07ACDB7AF2A','25EB47F8-AC32-4656-B253-355F6806B4EB','6AE3A174-EC3A-46B3-A3CD-7F30FBB15FBA','91A59DCC-79B7-4832-800D-71520F107746',2,480,540,'Mall skapad 2025-09-07 18:35');
INSERT INTO BookingTemplates VALUES('0E859E72-06E0-448E-8C54-D6DBD5388072','25EB47F8-AC32-4656-B253-355F6806B4EB','6AE3A174-EC3A-46B3-A3CD-7F30FBB15FBA','91A59DCC-79B7-4832-800D-71520F107746',5,480,540,'Mall skapad 2025-09-07 18:35');
INSERT INTO BookingTemplates VALUES('05E2336E-3F1E-4F6F-979E-7B67C89618D5','25EB47F8-AC32-4656-B253-355F6806B4EB','9ABE0FD2-7AFA-4FE3-B2E1-C93CD0A80513','4A209965-30D2-425A-909C-E488260618EF',3,480,540,'Mall skapad 2025-09-08 11:51');
INSERT INTO BookingTemplates VALUES('6A30F063-D6A4-4015-AA14-5FF096E9254C','25EB47F8-AC32-4656-B253-355F6806B4EB','9ABE0FD2-7AFA-4FE3-B2E1-C93CD0A80513','4A209965-30D2-425A-909C-E488260618EF',1,480,540,'Mall skapad 2025-09-08 11:51');
INSERT INTO BookingTemplates VALUES('448A794C-F014-4C30-8B21-F189F9A214E8','25EB47F8-AC32-4656-B253-355F6806B4EB','9ABE0FD2-7AFA-4FE3-B2E1-C93CD0A80513','3598E6DE-6D22-497E-B85A-9DBFAC78E5B0',7,900,990,'Mall skapad 2025-09-23 16:53');
INSERT INTO BookingTemplates VALUES('4110D958-5D93-423A-B91C-0FB3ECB3A6B1','25EB47F8-AC32-4656-B253-355F6806B4EB','92DB41A0-622F-478E-9DC6-1A05E44BAD3C','E29566BD-628B-4534-8D07-62D498487259',4,960,1050,'Mall skapad 2025-09-23 17:17');
INSERT INTO BookingTemplates VALUES('3A3BBAD8-8BE3-4F01-9E62-70D5E4F94483','25EB47F8-AC32-4656-B253-355F6806B4EB','3CF95081-D881-4B4E-B33B-FBD1A865E37A','3598E6DE-6D22-497E-B85A-9DBFAC78E5B0',1,480,570,'Mall skapad 2025-09-23 22:04');
INSERT INTO BookingTemplates VALUES('A24309EA-145D-4EA4-814F-BC644B97C028','25EB47F8-AC32-4656-B253-355F6806B4EB','F8E6C709-CC25-42F3-AC22-70F47238B99A','3598E6DE-6D22-497E-B85A-9DBFAC78E5B0',6,780,870,'Mall skapad 2025-09-23 22:06');
INSERT INTO BookingTemplates VALUES('0095C666-4C7A-473F-A36F-3ED46FB659AE','25EB47F8-AC32-4656-B253-355F6806B4EB','92DB41A0-622F-478E-9DC6-1A05E44BAD3C','4A209965-30D2-425A-909C-E488260618EF',6,1020,1110,'Mall skapad 2025-09-23 22:23');
INSERT INTO BookingTemplates VALUES('380E9600-46B7-485F-B333-E906D5288038','25EB47F8-AC32-4656-B253-355F6806B4EB','6286B0F2-597F-49CA-BDC5-1509792BDEE8','4A209965-30D2-425A-909C-E488260618EF',7,780,870,'Mall skapad 2025-09-23 22:24');
INSERT INTO BookingTemplates VALUES('6DD58134-6C51-4644-9217-5007422F97B8','25EB47F8-AC32-4656-B253-355F6806B4EB','1EF68E90-01B3-4E01-93C4-A4F7EF751976','CEEAB321-F2AD-4FD4-AE8B-1348F96836FE',3,660,750,'Mall skapad 2025-09-25 08:39');
INSERT INTO BookingTemplates VALUES('5DB68CB4-4FA7-4387-8506-8E77A149446C','25EB47F8-AC32-4656-B253-355F6806B4EB','C0FD079D-12D4-4440-A4D1-78A5F36EE3B1','4A209965-30D2-425A-909C-E488260618EF',4,540,630,'Mall skapad 2025-09-25 09:09');
INSERT INTO BookingTemplates VALUES('4AE5A18A-ADA6-4B11-A4C2-B97F970EEE64','25EB47F8-AC32-4656-B253-355F6806B4EB','1BDD5BEA-CA91-4D1E-ACD9-42C04395A6C0','4A209965-30D2-425A-909C-E488260618EF',4,660,750,'Mall skapad 2025-09-25 14:28');
CREATE TABLE IF NOT EXISTS "Bookings" (
    "Id" TEXT NOT NULL CONSTRAINT "PK_Bookings" PRIMARY KEY,
    "AreaId" TEXT NOT NULL,
    "GroupId" TEXT NOT NULL,
    "Date" TEXT NOT NULL,
    "StartMin" INTEGER NOT NULL,
    "EndMin" INTEGER NOT NULL,
    "Notes" TEXT NULL,
    "CreatedAt" TEXT NOT NULL,
    CONSTRAINT "FK_Bookings_Areas_AreaId" FOREIGN KEY ("AreaId") REFERENCES "Areas" ("Id") ON DELETE CASCADE,
    CONSTRAINT "FK_Bookings_Groups_GroupId" FOREIGN KEY ("GroupId") REFERENCES "Groups" ("Id") ON DELETE CASCADE
);
INSERT INTO Bookings VALUES('C72337FE-961B-494C-9F73-2FEAA6D86FD2','92DB41A0-622F-478E-9DC6-1A05E44BAD3C','274246B2-A966-4F5D-B961-98D1480A1F54','2025-09-08 00:00:00',480,540,'Bokning skapad 2025-09-03 16:21','2025-09-03 14:21:19.104875');
INSERT INTO Bookings VALUES('7C263336-94DE-44F2-83B8-9EE8A5193BE6','92DB41A0-622F-478E-9DC6-1A05E44BAD3C','CEEAB321-F2AD-4FD4-AE8B-1348F96836FE','2025-09-08 00:00:00',480,540,'Bokning skapad 2025-09-03 16:52','2025-09-03 14:52:03.963727');
CREATE TABLE IF NOT EXISTS "CalendarBookings" (
    "Id" TEXT NOT NULL CONSTRAINT "PK_CalendarBookings" PRIMARY KEY,
    "AreaId" TEXT NOT NULL,
    "GroupId" TEXT NOT NULL,
    "Date" TEXT NOT NULL,
    "StartMin" INTEGER NOT NULL,
    "EndMin" INTEGER NOT NULL,
    "Notes" TEXT NULL,
    "SourceTemplateId" TEXT NULL,
    CONSTRAINT "FK_CalendarBookings_Areas_AreaId" FOREIGN KEY ("AreaId") REFERENCES "Areas" ("Id") ON DELETE CASCADE,
    CONSTRAINT "FK_CalendarBookings_BookingTemplates_SourceTemplateId" FOREIGN KEY ("SourceTemplateId") REFERENCES "BookingTemplates" ("Id"),
    CONSTRAINT "FK_CalendarBookings_Groups_GroupId" FOREIGN KEY ("GroupId") REFERENCES "Groups" ("Id") ON DELETE CASCADE
);
INSERT INTO CalendarBookings VALUES('04FD6F56-EE30-4409-9C85-06F651B88C0A','92DB41A0-622F-478E-9DC6-1A05E44BAD3C','4A209965-30D2-425A-909C-E488260618EF','2025-09-30',840,930,'Bokning skapad 2025-09-02 14:09','FFF6CB92-0684-4FC8-937E-376AD80FC83C');
INSERT INTO CalendarBookings VALUES('1402B0E4-BAEF-46EF-9E9A-5F6EB46F1502','3CF95081-D881-4B4E-B33B-FBD1A865E37A','340909EB-12B9-48C7-AE16-6D052BF84309','2025-10-05',600,720,'Mall skapad 2025-09-04 15:56','0D475BE9-69A1-4BCB-BD36-6461F0ED4C70');
INSERT INTO CalendarBookings VALUES('224C72FC-2EC9-4B90-AB7E-E5B07152528A','92DB41A0-622F-478E-9DC6-1A05E44BAD3C','340909EB-12B9-48C7-AE16-6D052BF84309','2025-10-03',600,720,'Mall skapad 2025-09-04 18:38','4C3DF17E-1001-4EB5-802C-7B3397AB82E9');
INSERT INTO CalendarBookings VALUES('22BE3260-56D9-489A-B6EC-841BCB625A70','92DB41A0-622F-478E-9DC6-1A05E44BAD3C','340909EB-12B9-48C7-AE16-6D052BF84309','2025-10-01',600,720,'Mall skapad 2025-09-04 18:38','1C000431-8C06-48CC-8113-B5EAE662086D');
INSERT INTO CalendarBookings VALUES('4C877382-9E42-41F8-B5E1-852B8B539622','92DB41A0-622F-478E-9DC6-1A05E44BAD3C','CEEAB321-F2AD-4FD4-AE8B-1348F96836FE','2025-10-01',840,930,'Bokning skapad 2025-09-02 12:49','DDBB6ADC-0C2B-49BA-BBC1-304CBA41D53A');
INSERT INTO CalendarBookings VALUES('68905659-77EC-485B-9D92-0F592DFB1E1E','7BB5362D-743B-48A7-B6EF-69253B727590','274246B2-A966-4F5D-B961-98D1480A1F54','2025-10-06',480,540,'Mall skapad 2025-09-04 08:38','5EDB3797-ADBF-4627-9D2C-5391FED5AB88');
INSERT INTO CalendarBookings VALUES('795F7344-D4A5-4F87-9984-49FA17077D89','9ABE0FD2-7AFA-4FE3-B2E1-C93CD0A80513','4A209965-30D2-425A-909C-E488260618EF','2025-10-01',480,540,'Mall skapad 2025-09-08 11:51','05E2336E-3F1E-4F6F-979E-7B67C89618D5');
INSERT INTO CalendarBookings VALUES('7B33CFBD-F551-494E-873A-D056CEE0836C','6AE3A174-EC3A-46B3-A3CD-7F30FBB15FBA','91A59DCC-79B7-4832-800D-71520F107746','2025-09-30',480,540,'Mall skapad 2025-09-07 18:35','073EA4E7-3CB1-44A6-8545-E07ACDB7AF2A');
INSERT INTO CalendarBookings VALUES('8A56F536-FAD3-4864-B874-12290D2CC776','92DB41A0-622F-478E-9DC6-1A05E44BAD3C','E29566BD-628B-4534-8D07-62D498487259','2025-09-30',960,1080,'Bokning skapad 2025-09-02 14:15','6DCD60F7-2714-4023-9DE7-0239EF0F714A');
INSERT INTO CalendarBookings VALUES('93800A9D-1795-46D7-9C47-EE90C2B23116','9ABE0FD2-7AFA-4FE3-B2E1-C93CD0A80513','4A209965-30D2-425A-909C-E488260618EF','2025-09-29',480,540,'Mall skapad 2025-09-08 11:51','6A30F063-D6A4-4015-AA14-5FF096E9254C');
INSERT INTO CalendarBookings VALUES('95B09122-4DF1-495F-8BA5-FB661111A049','6AE3A174-EC3A-46B3-A3CD-7F30FBB15FBA','91A59DCC-79B7-4832-800D-71520F107746','2025-10-03',480,540,'Mall skapad 2025-09-07 18:35','0E859E72-06E0-448E-8C54-D6DBD5388072');
INSERT INTO CalendarBookings VALUES('AA64CAC0-2761-4C59-85EE-173B0CA12E46','7BB5362D-743B-48A7-B6EF-69253B727590','6077886D-C213-439E-9197-B4A6973354DE','2025-09-29',1080,1170,'Träning','329F9113-2580-47F5-8033-FAD686C58085');
INSERT INTO CalendarBookings VALUES('AE3FA886-9C40-4020-910D-62BFD3D15EFD','3CF95081-D881-4B4E-B33B-FBD1A865E37A','CEEAB321-F2AD-4FD4-AE8B-1348F96836FE','2025-09-30',480,540,'Mall skapad 2025-09-04 22:22','E1AC668D-739C-4464-92C2-475EDCD0B35B');
INSERT INTO CalendarBookings VALUES('B5962C22-2E78-4F22-99AC-CF96B0BA40FB','7BB5362D-743B-48A7-B6EF-69253B727590','6077886D-C213-439E-9197-B4A6973354DE','2025-10-01',1080,1170,'Träning','DDA7D55F-AE4D-4CD0-9236-99ABAF69AE8E');
INSERT INTO CalendarBookings VALUES('CAA448C7-D976-4722-90A2-9C07BEE74EC8','9ABE0FD2-7AFA-4FE3-B2E1-C93CD0A80513','3598E6DE-6D22-497E-B85A-9DBFAC78E5B0','2025-10-05',900,990,'Mall skapad 2025-09-23 16:53','448A794C-F014-4C30-8B21-F189F9A214E8');
INSERT INTO CalendarBookings VALUES('CB88FDEC-1520-4693-ABC3-B1FAF506D028','92DB41A0-622F-478E-9DC6-1A05E44BAD3C','340909EB-12B9-48C7-AE16-6D052BF84309','2025-09-29',600,720,'Mall skapad 2025-09-04 18:38','E48810CB-7924-4C77-BD78-1302CA0DBAE4');
INSERT INTO CalendarBookings VALUES('CEFA9624-D140-430B-B89D-D5D8B65CF4C7','F8E6C709-CC25-42F3-AC22-70F47238B99A','CEEAB321-F2AD-4FD4-AE8B-1348F96836FE','2025-10-01',1320,1380,'Träning','9FB4652F-909A-49BE-B18B-BAD212A2775B');
INSERT INTO CalendarBookings VALUES('DAF3F8EC-0AC5-4C38-B127-3CAF8E5DE899','3CF95081-D881-4B4E-B33B-FBD1A865E37A','CEEAB321-F2AD-4FD4-AE8B-1348F96836FE','2025-10-02',480,600,'Mall skapad 2025-09-04 22:23','A80B860F-492C-4CC0-AE56-7918DED4754D');
INSERT INTO CalendarBookings VALUES('F4CAF2B8-DE7E-47E1-B718-5D8B14AFD0E1','92DB41A0-622F-478E-9DC6-1A05E44BAD3C','CEEAB321-F2AD-4FD4-AE8B-1348F96836FE','2025-10-06',900,930,'Bokning skapad 2025-09-02 16:00','E85D07AA-C7C7-4B9E-97F9-D51B34DC59A7');
CREATE INDEX "IX_AreaLeafs_AreaId" ON "AreaLeafs" ("AreaId");
CREATE INDEX "IX_AreaLeafs_LeafId" ON "AreaLeafs" ("LeafId");
CREATE INDEX "IX_Areas_ParentAreaId" ON "Areas" ("ParentAreaId");
CREATE INDEX "IX_Areas_Path" ON "Areas" ("Path");
CREATE INDEX "IX_Areas_PlaceId" ON "Areas" ("PlaceId");
CREATE INDEX "IX_BookingTemplates_AreaId" ON "BookingTemplates" ("AreaId");
CREATE INDEX "IX_BookingTemplates_GroupId" ON "BookingTemplates" ("GroupId");
CREATE INDEX "IX_BookingTemplates_ScheduleTemplateId_DayOfWeek_StartMin" ON "BookingTemplates" ("ScheduleTemplateId", "DayOfWeek", "StartMin");
CREATE INDEX "IX_Leafs_PlaceId" ON "Leafs" ("PlaceId");
CREATE INDEX "IX_ScheduleTemplates_PlaceId" ON "ScheduleTemplates" ("PlaceId");
CREATE INDEX "IX_Bookings_AreaId" ON "Bookings" ("AreaId");
CREATE INDEX "IX_Bookings_GroupId" ON "Bookings" ("GroupId");
CREATE INDEX "IX_CalendarBookings_AreaId" ON "CalendarBookings" ("AreaId");
CREATE INDEX "IX_CalendarBookings_GroupId" ON "CalendarBookings" ("GroupId");
CREATE INDEX "IX_CalendarBookings_SourceTemplateId" ON "CalendarBookings" ("SourceTemplateId");
COMMIT;
